Date,Treatment,Material,Biological Replication,Technical Replication,Plate,Initial Dilution,Dilution Factor Tube ,Volume Plated (ml),Volume Counted (ml),CFU,CFU/ml (colony counter) ,Total CFU/ml,Population (Log CFU/coupon),Avg Population (CFU/ml) Technical Replication,Avg Population (CFU/ml) Biological Replication,Log reduction CFU/coupon ,Average Log Reduction (CFU/Coupon),Mean Log Reduction (CFU/Coupon),Mean of Avg Population (CFU/ml) Biological Replication,STDEV
11/18/2024,Det+Chlorine  ,Foam,1,3,2,0.01,1,0.1,0.098400004,123,1249.999947,124999.9947,5.1,5.28,5.2,3.05,3.13,4,4.22,0.721318095
11/18/2024,Det+Chlorine  ,Foam,1,3,1,0.01,1,0.1,0.059999999,171,2850.000064,285000.0064,5.45,,,,,,,
11/18/2024,Det+Chlorine  ,Foam,1,2,2,0.01,1,0.1,0.098400004,225,2286.585268,228658.5268,5.36,5.33,,2.99,,,,
11/18/2024,Det+Chlorine  ,Foam,1,2,1,0.01,1,0.1,0.098400004,201,2042.682839,204268.2839,5.31,,,,,,,
11/18/2024,Det+Chlorine  ,Foam,1,1,2,0.01,1,0.1,0.098400004,98,995.9349168,99593.49168,5,4.98,,3.35,,,,
11/18/2024,Det+Chlorine  ,Foam,1,1,1,0.01,1,0.1,0.098400004,89,904.471506,90447.1506,4.96,,,,,,,
11/21/2024,Det+Chlorine ,Foam,2,3,2,0.01,1,0.1,0.098400004,3,30.48780357,3048.780357,3.48,3.25,3.48,5.02,4.78,,,
11/21/2024,Det+Chlorine ,Foam,2,3,1,0.01,1,0.1,0.098400004,1,10.16260119,1016.260119,3.01,,,,,,,
11/21/2024,Det+Chlorine ,Foam,2,2,2,0.01,1,0.1,0.098400004,13,132.1138155,13211.38155,4.12,4.19,,4.07,,,,
11/21/2024,Det+Chlorine ,Foam,2,2,1,0.01,1,0.1,0.098400004,18,182.9268214,18292.68214,4.26,,,,,,,
11/21/2024,Det+Chlorine ,Foam,2,1,2,0.01,1,0.1,0.098400004,0.99,10.06097518,1006.097518,3,3,,5.26,,,,
11/21/2024,Det+Chlorine ,Foam,2,1,1,0.01,1,0.1,0.098400004,0.99,10.06097518,1006.097518,3,,,,,,,
10/25/2024,Det+Chlorine ,Foam,3,3,2,0.01,1,0.1,0.098400004,21,213.414625,21341.4625,4.33,4.09,3.97,3.98,4.1,,,
10/25/2024,Det+Chlorine ,Foam,3,3,1,0.01,1,0.1,0.098400004,7,71.13820834,7113.820834,3.85,,,,,,,
10/25/2024,Det+Chlorine ,Foam,3,2,2,0.01,1,0.1,0.098400004,3,30.48780357,3048.780357,3.48,3.25,,4.83,,,,
10/25/2024,Det+Chlorine ,Foam,3,2,1,0.01,1,0.1,0.098400004,1,10.16260119,1016.260119,3.01,,,,,,,
10/25/2024,Det+Chlorine ,Foam,3,1,2,0.01,1,0.1,0.098400004,42,426.82925,42682.925,4.63,4.58,,3.49,,,,
10/25/2024,Det+Chlorine ,Foam,3,1,1,0.01,1,0.1,0.098400004,34,345.5284405,34552.84405,4.54,,,,,,,
11/18/2024,Det+SaniDate  ,Foam,1,3,2,0.01,1,0.1,0.098400004,34,345.5284405,34552.84405,4.54,4.59,5.09,3.73,3.23,3.74,4.48,0.850128434
11/18/2024,Det+SaniDate  ,Foam,1,3,1,0.01,1,0.1,0.098400004,44,447.1544524,44715.44524,4.65,,,,,,,
11/18/2024,Det+SaniDate  ,Foam,1,2,2,0.01,1,0.1,0.036400001,161,4423.076741,442307.6741,5.65,5.8,,2.52,,,,
11/18/2024,Det+SaniDate  ,Foam,1,2,1,0.01,1,0.1,0.021120001,193,9138.257303,913825.7303,5.96,,,,,,,
11/18/2024,Det+SaniDate  ,Foam,1,1,2,0.01,1,0.1,0.098400004,75,762.1950894,76219.50894,4.88,4.88,,3.44,,,,
11/18/2024,Det+SaniDate  ,Foam,1,1,1,0.01,1,0.1,0.098400004,76,772.3576905,77235.76905,4.89,,,,,,,
11/21/2024,Det+SaniDate ,Foam,2,3,2,0.01,1,0.1,0.098400004,0.99,10.06097518,1006.097518,3,3,3.28,5.26,4.99,,,
11/21/2024,Det+SaniDate ,Foam,2,3,1,0.01,1,0.1,0.098400004,0.99,10.06097518,1006.097518,3,,,,,,,
11/21/2024,Det+SaniDate ,Foam,2,2,2,0.01,1,0.1,0.098400004,5,50.81300596,5081.300596,3.71,3.83,,4.43,,,,
11/21/2024,Det+SaniDate ,Foam,2,2,1,0.01,1,0.1,0.098400004,9,91.46341072,9146.341072,3.96,,,,,,,
11/21/2024,Det+SaniDate ,Foam,2,1,2,0.01,1,0.1,0.098400004,0.99,10.06097518,1006.097518,3,3,,5.26,,,,
11/21/2024,Det+SaniDate ,Foam,2,1,1,0.01,1,0.1,0.098400004,0.99,10.06097518,1006.097518,3,,,,,,,
10/25/2024,Det+SaniDate,Foam,3,3,2,0.01,1,0.1,0.098400004,53,538.6178631,53861.78631,4.73,4.8,5.07,3.27,3,,,
10/25/2024,Det+SaniDate,Foam,3,3,1,0.01,1,0.1,0.098400004,73,741.869887,74186.9887,4.87,,,,,,,
10/25/2024,Det+SaniDate,Foam,3,2,2,0.01,1,0.1,0.098400004,67,680.8942798,68089.42798,4.83,4.93,,3.14,,,,
10/25/2024,Det+SaniDate,Foam,3,2,1,0.01,1,0.1,0.098400004,104,1056.910524,105691.0524,5.02,,,,,,,
10/25/2024,Det+SaniDate,Foam,3,1,2,0.01,1,0.1,0.098400004,145,1473.577173,147357.7173,5.17,5.49,,2.59,,,,
10/25/2024,Det+SaniDate,Foam,3,1,1,0.01,1,0.1,0.036400001,231,6346.153585,634615.3585,5.8,,,,,,,
11/18/2024,Det+Water  ,Foam,1,3,2,0.01,1,0.1,0.098400004,191,1941.056828,194105.6828,5.29,5.29,5.24,3.03,3.09,3.5,4.73,0.589376824
11/18/2024,Det+Water  ,Foam,1,3,1,0.01,1,0.1,0.098400004,195,1981.707232,198170.7232,5.3,,,,,,,
11/18/2024,Det+Water  ,Foam,1,2,2,0.01,1,0.1,0.098400004,153,1554.877982,155487.7982,5.19,5.26,,3.06,,,,
11/18/2024,Det+Water  ,Foam,1,2,1,0.01,1,0.1,0.098400004,213,2164.634054,216463.4054,5.34,,,,,,,
11/18/2024,Det+Water  ,Foam,1,1,2,0.01,1,0.1,0.098400004,153,1554.877982,155487.7982,5.19,5.15,,3.17,,,,
11/18/2024,Det+Water  ,Foam,1,1,1,0.01,1,0.1,0.098400004,129,1310.975554,131097.5554,5.12,,,,,,,
11/21/2024,Det+Water ,Foam,2,3,2,0.01,1,0.1,0.098400004,5,50.81300596,5081.300596,3.71,3.36,3.9,4.91,4.37,,,
11/21/2024,Det+Water ,Foam,2,3,1,0.01,1,0.1,0.098400004,1,10.16260119,1016.260119,3.01,,,,,,,
11/21/2024,Det+Water ,Foam,2,2,2,0.01,1,0.1,0.098400004,7,71.13820834,7113.820834,3.85,4,,4.26,,,,
11/21/2024,Det+Water ,Foam,2,2,1,0.01,1,0.1,0.098400004,14,142.2764167,14227.64167,4.15,,,,,,,
11/21/2024,Det+Water ,Foam,2,1,2,0.01,1,0.1,0.098400004,21,213.414625,21341.4625,4.33,4.34,,3.93,,,,
11/21/2024,Det+Water ,Foam,2,1,1,0.01,1,0.1,0.098400004,22,223.5772262,22357.72262,4.35,,,,,,,
10/25/2024,Det+Water,Foam,3,3,2,0.01,1,0.1,0.098400004,91,924.7967084,92479.67084,4.97,5.07,5.04,3.01,3.03,,,
10/25/2024,Det+Water,Foam,3,3,1,0.01,1,0.1,0.098400004,144,1463.414572,146341.4572,5.17,,,,,,,
10/25/2024,Det+Water,Foam,3,2,2,0.01,1,0.1,0.098400004,94,955.284512,95528.4512,4.98,5.14,,2.93,,,,
10/25/2024,Det+Water,Foam,3,2,1,0.01,1,0.1,0.098400004,199,2022.357637,202235.7637,5.31,,,,,,,
10/25/2024,Det+Water,Foam,3,1,2,0.01,1,0.1,0.098400004,42,426.82925,42682.925,4.63,4.91,,3.16,,,,
10/25/2024,Det+Water,Foam,3,1,1,0.01,1,0.1,0.098400004,151,1534.55278,153455.278,5.19,,,,,,,
11/18/2024,Foam+Chlorine  ,Foam,1,3,2,0.01,1,0.1,0.098400004,151,1534.55278,153455.278,5.19,5.06,4.91,3.26,3.41,3.55,4.67,0.341249131
11/18/2024,Foam+Chlorine  ,Foam,1,3,1,0.01,1,0.1,0.098400004,85,863.8211013,86382.11013,4.94,,,,,,,
11/18/2024,Foam+Chlorine  ,Foam,1,2,2,0.01,1,0.1,0.098400004,47,477.642256,47764.2256,4.68,4.79,,3.54,,,,
11/18/2024,Foam+Chlorine  ,Foam,1,2,1,0.01,1,0.1,0.098400004,78,792.6828929,79268.28929,4.9,,,,,,,
11/18/2024,Foam+Chlorine  ,Foam,1,1,2,0.01,1,0.1,0.098400004,99,1006.097518,100609.7518,5,4.89,,3.43,,,,
11/18/2024,Foam+Chlorine  ,Foam,1,1,1,0.01,1,0.1,0.098400004,60,609.7560715,60975.60715,4.79,,,,,,,
11/21/2024,Foam+Chlorine ,Foam,2,3,2,0.01,1,0.1,0.098400004,10,101.6260119,10162.60119,4.01,4.1,4.19,4.17,4.07,,,
11/21/2024,Foam+Chlorine ,Foam,2,3,1,0.01,1,0.1,0.098400004,15,152.4390179,15243.90179,4.18,,,,,,,
11/21/2024,Foam+Chlorine ,Foam,2,2,2,0.01,1,0.1,0.098400004,18,182.9268214,18292.68214,4.26,4.37,,3.9,,,,
11/21/2024,Foam+Chlorine ,Foam,2,2,1,0.01,1,0.1,0.098400004,29,294.7154346,29471.54346,4.47,,,,,,,
11/21/2024,Foam+Chlorine ,Foam,2,1,2,0.01,1,0.1,0.098400004,5,50.81300596,5081.300596,3.71,4.11,,4.16,,,,
11/21/2024,Foam+Chlorine ,Foam,2,1,1,0.01,1,0.1,0.098400004,32,325.2032381,32520.32381,4.51,,,,,,,
10/25/2024,Foam+Chlorine ,Foam,3,3,2,0.01,1,0.1,0.0108,222,20555.55502,2055555.502,6.31,6.25,4.91,1.82,3.16,,,
10/25/2024,Foam+Chlorine ,Foam,3,3,1,0.01,1,0.1,0.0108,167,15462.96256,1546296.256,6.19,,,,,,,
10/25/2024,Foam+Chlorine ,Foam,3,2,2,0.01,1,0.1,0.098400004,44,447.1544524,44715.44524,4.65,4.67,,3.4,,,,
10/25/2024,Foam+Chlorine ,Foam,3,2,1,0.01,1,0.1,0.098400004,48,487.8048572,48780.48572,4.69,,,,,,,
10/25/2024,Foam+Chlorine ,Foam,3,1,2,0.01,1,0.1,0.098400004,14,142.2764167,14227.64167,4.15,3.82,,4.25,,,,
10/25/2024,Foam+Chlorine ,Foam,3,1,1,0.01,1,0.1,0.098400004,3,30.48780357,3048.780357,3.48,,,,,,,
11/18/2024,Foam+SaniDate  ,Foam,1,3,2,0.01,1,0.1,0.098400004,1,10.16260119,1016.260119,3.01,3.01,3.83,5.32,4.49,4.57,3.65,0.412308981
11/18/2024,Foam+SaniDate  ,Foam,1,3,1,0.01,1,0.1,0.098400004,1,10.16260119,1016.260119,3.01,,,,,,,
11/18/2024,Foam+SaniDate  ,Foam,1,2,2,0.01,1,0.1,0.098400004,69,701.2194822,70121.94822,4.85,4.35,,3.98,,,,
11/18/2024,Foam+SaniDate  ,Foam,1,2,1,0.01,1,0.1,0.098400004,7,71.13820834,7113.820834,3.85,,,,,,,
11/18/2024,Foam+SaniDate  ,Foam,1,1,2,0.01,1,0.1,0.098400004,21,213.414625,21341.4625,4.33,4.15,,4.18,,,,
11/18/2024,Foam+SaniDate  ,Foam,1,1,1,0.01,1,0.1,0.098400004,9,91.46341072,9146.341072,3.96,,,,,,,
11/21/2024,Foam+SaniDate ,Foam,2,3,2,0.01,1,0.1,0.098400004,1,10.16260119,1016.260119,3.01,3.25,3.08,5.02,5.18,,,
11/21/2024,Foam+SaniDate ,Foam,2,3,1,0.01,1,0.1,0.098400004,3,30.48780357,3048.780357,3.48,,,,,,,
11/21/2024,Foam+SaniDate ,Foam,2,2,2,0.01,1,0.1,0.098400004,0.99,10.06097518,1006.097518,3,3,,5.26,,,,
11/21/2024,Foam+SaniDate ,Foam,2,2,1,0.01,1,0.1,0.098400004,0.99,10.06097518,1006.097518,3,,,,,,,
11/21/2024,Foam+SaniDate ,Foam,2,1,2,0.01,1,0.1,0.098400004,1,10.16260119,1016.260119,3.01,3,,5.26,,,,
11/21/2024,Foam+SaniDate ,Foam,2,1,1,0.01,1,0.1,0.098400004,0.99,10.06097518,1006.097518,3,,,,,,,
10/25/2024,Foam+SaniDate ,Foam,3,3,2,0.01,1,0.1,0.098400004,2,20.32520238,2032.520238,3.31,3.16,4.05,4.92,4.03,,,
10/25/2024,Foam+SaniDate ,Foam,3,3,1,0.01,1,0.1,0.098400004,1,10.16260119,1016.260119,3.01,,,,,,,
10/25/2024,Foam+SaniDate ,Foam,3,2,2,0.01,1,0.1,0.021120001,191,9043.560336,904356.0336,5.96,5.97,,2.1,,,,
10/25/2024,Foam+SaniDate ,Foam,3,2,1,0.01,1,0.1,0.021120001,207,9801.136071,980113.6071,5.99,,,,,,,
10/25/2024,Foam+SaniDate ,Foam,3,1,2,0.01,1,0.1,0.098400004,1,10.16260119,1016.260119,3.01,3,,5.07,,,,
10/25/2024,Foam+SaniDate ,Foam,3,1,1,0.01,1,0.1,0.098400004,0.99,10.06097518,1006.097518,3,,,,,,,
11/18/2024,Foam+Water  ,Foam,1,3,2,0.01,1,0.1,0.098400004,150,1524.390179,152439.0179,5.18,5.13,5.52,3.19,2.8,3.28,4.94,0.427860608
11/18/2024,Foam+Water  ,Foam,1,3,1,0.01,1,0.1,0.098400004,120,1219.512143,121951.2143,5.09,,,,,,,
11/18/2024,Foam+Water  ,Foam,1,2,2,0.01,1,0.1,0.059999999,173,2883.333398,288333.3398,5.46,5.35,,2.98,,,,
11/18/2024,Foam+Water  ,Foam,1,2,1,0.01,1,0.1,0.098400004,170,1727.642203,172764.2203,5.24,,,,,,,
11/18/2024,Foam+Water  ,Foam,1,1,2,0.01,1,0.1,0.0108,175,16203.70328,1620370.328,6.21,6.09,,2.24,,,,
11/18/2024,Foam+Water  ,Foam,1,1,1,0.01,1,0.1,0.021120001,195,9232.95427,923295.427,5.97,,,,,,,
11/21/2024,Foam+Water ,Foam,2,3,2,0.01,1,0.1,0.098400004,158,1605.690988,160569.0988,5.21,5.17,4.8,3.09,3.46,,,
11/21/2024,Foam+Water ,Foam,2,3,1,0.01,1,0.1,0.098400004,137,1392.276363,139227.6363,5.14,,,,,,,
11/21/2024,Foam+Water ,Foam,2,2,2,0.01,1,0.1,0.098400004,98,995.9349168,99593.49168,5,4.95,,3.31,,,,
11/21/2024,Foam+Water ,Foam,2,2,1,0.01,1,0.1,0.098400004,80,813.0080953,81300.80953,4.91,,,,,,,
11/21/2024,Foam+Water ,Foam,2,1,2,0.01,1,0.1,0.098400004,18,182.9268214,18292.68214,4.26,4.29,,3.98,,,,
11/21/2024,Foam+Water ,Foam,2,1,1,0.01,1,0.1,0.098400004,20,203.2520238,20325.20238,4.31,,,,,,,
10/25/2024,Foam+Water ,Foam,3,3,2,0.01,1,0.1,0.098400004,28,284.5528334,28455.28334,4.45,4.45,4.5,3.62,3.57,,,
10/25/2024,Foam+Water ,Foam,3,3,1,0.01,1,0.1,0.098400004,28,284.5528334,28455.28334,4.45,,,,,,,
10/25/2024,Foam+Water ,Foam,3,2,2,0.01,1,0.1,0.098400004,81,823.1706965,82317.06965,4.92,4.72,,3.35,,,,
10/25/2024,Foam+Water ,Foam,3,2,1,0.01,1,0.1,0.098400004,33,335.3658393,33536.58393,4.53,,,,,,,
10/25/2024,Foam+Water ,Foam,3,1,2,0.01,1,0.1,0.098400004,19,193.0894226,19308.94226,4.29,4.34,,3.74,,,,
10/25/2024,Foam+Water ,Foam,3,1,1,0.01,1,0.1,0.098400004,24,243.9024286,24390.24286,4.39,,,,,,,
11/18/2024,Without Treatment  ,Foam,1,3,2,0.01,1000,0.1,0.098400004,229,2327235.673,232723567.3,8.37,8.41,8.33,-0.09,0,,8.22,0.10749541
11/18/2024,Without Treatment  ,Foam,1,3,1,0.01,1000,0.1,0.059999999,173,2883333.398,288333339.8,8.46,,,,,,,
11/18/2024,Without Treatment  ,Foam,1,2,2,0.01,1000,0.1,0.098400004,181,1839430.816,183943081.6,8.26,8.28,,0.05,,,,
11/18/2024,Without Treatment  ,Foam,1,2,1,0.01,1000,0.1,0.098400004,194,1971544.631,197154463.1,8.29,,,,,,,
11/18/2024,Without Treatment  ,Foam,1,1,2,0.01,1000,0.1,0.098400004,203,2063008.042,206300804.2,8.31,8.28,,0.04,,,,
11/18/2024,Without Treatment  ,Foam,1,1,1,0.01,1000,0.1,0.098400004,175,1778455.208,177845520.8,8.25,,,,,,,
11/21/2024,Without Treatment ,Foam,2,3,2,0.01,1000,0.1,0.098400004,110,1117886.131,111788613.1,8.05,8.15,8.26,0.11,0,,,
11/21/2024,Without Treatment ,Foam,2,3,1,0.01,1000,0.1,0.098400004,176,1788617.81,178861781,8.25,,,,,,,
11/21/2024,Without Treatment ,Foam,2,2,2,0.01,1000,0.1,0.098400004,190,1930894.226,193089422.6,8.29,8.26,,0,,,,
11/21/2024,Without Treatment ,Foam,2,2,1,0.01,1000,0.1,0.098400004,169,1717479.601,171747960.1,8.23,,,,,,,
11/21/2024,Without Treatment ,Foam,2,1,2,0.01,1000,0.1,0.098400004,207,2103658.447,210365844.7,8.32,8.38,,-0.12,,,,
11/21/2024,Without Treatment ,Foam,2,1,1,0.01,1000,0.1,0.059999999,167,2783333.396,278333339.6,8.44,,,,,,,
10/25/2024,Without Treatment ,Foam,3,3,2,0.01,1000,0.1,0.098400004,74,752032.4882,75203248.82,7.88,7.94,8.07,0.13,0,,,
10/25/2024,Without Treatment ,Foam,3,3,1,0.01,1000,0.1,0.098400004,100,1016260.119,101626011.9,8.01,,,,,,,
10/25/2024,Without Treatment ,Foam,3,2,2,0.01,1000,0.1,0.098400004,119,1209349.542,120934954.2,8.08,8.03,,0.04,,,,
10/25/2024,Without Treatment ,Foam,3,2,1,0.01,1000,0.1,0.098400004,95,965447.1132,96544711.32,7.98,,,,,,,
10/25/2024,Without Treatment ,Foam,3,1,2,0.01,1000,0.1,0.098400004,171,1737804.804,173780480.4,8.24,8.24,,-0.17,,,,
10/25/2024,Without Treatment ,Foam,3,1,1,0.01,1000,0.1,0.098400004,174,1768292.607,176829260.7,8.25,,,,,,,
8/30/2024,Without Treatment,Interlocking belt- polypropylene,1,3,2,0.01,1000,0.1,0.098400004,183,1859756.018,185975601.8,8.27,8.39,8.34,-0.05,,,8.36,0.057032
8/30/2024,Without Treatment,Interlocking belt- polypropylene,1,3,1,0.01,1000,0.1,0.059999999,193,3216666.739,321666673.9,8.51,,,,,,,
8/30/2024,Without Treatment,Interlocking belt- polypropylene,1,2,2,0.01,1000,0.1,0.059999999,164,2733333.394,273333339.4,8.44,8.37,,-0.02,,,,
8/30/2024,Without Treatment,Interlocking belt- polypropylene,1,2,1,0.01,1000,0.1,0.098400004,195,1981707.232,198170723.2,8.3,,,,,,,
8/30/2024,Without Treatment,Interlocking belt- polypropylene,1,1,2,0.01,1000,0.1,0.098400004,181,1839430.816,183943081.6,8.26,8.27,,0.07,,,,
8/30/2024,Without Treatment,Interlocking belt- polypropylene,1,1,1,0.01,1000,0.1,0.098400004,186,1890243.822,189024382.2,8.28,,,,,,,
10/2/2024,Without Treatment ,Interlocking belt- polypropylene,2,3,2,0.01,1000,0.1,0.098400004,227,2306910.47,230691047,8.36,8.31,8.3,-0.01,,,,
10/2/2024,Without Treatment ,Interlocking belt- polypropylene,2,3,1,0.01,1000,0.1,0.098400004,175,1778455.208,177845520.9,8.25,,,,,,,
10/2/2024,Without Treatment  ,Interlocking belt- polypropylene,2,2,2,0.01,1000,0.1,0.059999999,165,2750000.061,275000006.1,8.44,8.47,,-0.17,,,,
10/2/2024,Without Treatment  ,Interlocking belt- polypropylene,2,2,1,0.01,1000,0.1,0.059999999,188,3133333.403,313333340.3,8.5,,,,,,,
10/2/2024,Without Treatment  ,Interlocking belt- polypropylene,2,1,2,0.01,1000,0.1,0.098400004,149,1514227.578,151422757.8,8.18,8.13,,0.17,,,,
10/2/2024,Without Treatment ,Interlocking belt- polypropylene,2,1,1,0.01,1000,0.1,0.098400004,117,1189024.339,118902433.9,8.08,,,,,,,
10/7/2024,Without Treatment ,Interlocking belt- polypropylene,3,3,2,0.01,1000,0.1,0.059999999,165,2750000.061,275000006.1,8.44,8.45,8.44,-0.01,,,,
10/7/2024,Without Treatment ,Interlocking belt- polypropylene,3,3,1,0.01,1000,0.1,0.059999999,172,2866666.731,286666673.1,8.46,,,,,,,
10/7/2024,Without Treatment,Interlocking belt- polypropylene,3,2,2,0.01,1000,0.1,0.059999999,212,3533333.412,353333341.2,8.55,8.51,,-0.07,,,,
10/7/2024,Without Treatment ,Interlocking belt- polypropylene,3,2,1,0.01,1000,0.1,0.059999999,175,2916666.732,291666673.2,8.46,,,,,,,
10/7/2024,Without Treatment ,Interlocking belt- polypropylene,3,1,2,0.01,1000,0.1,0.098400004,183,1859756.018,185975601.8,8.27,8.36,,0.08,,,,
10/7/2024,Without Treatment ,Interlocking belt- polypropylene,3,1,1,0.01,1000,0.1,0.059999999,166,2766666.729,276666672.9,8.44,,,,,,,
8/30/2024,Det+Chlorine  ,Interlocking belt- polypropylene,1,3,2,0.01,1,0.1,0.021120001,290,13731.0602,1373106.02,6.14,6.17,6.14,2.17,2.2,2.17,6.19,0.153806
8/30/2024,Det+Chlorine  ,Interlocking belt- polypropylene,1,3,1,0.01,1,0.1,0.0108,171,15833.33292,1583333.292,6.2,,,,,,,
8/30/2024,Det+Chlorine  ,Interlocking belt- polypropylene,1,2,2,0.01,1,0.1,0.021120001,258,12215.90873,1221590.873,6.09,6.04,,2.3,,,,
8/30/2024,Det+Chlorine  ,Interlocking belt- polypropylene,1,2,1,0.01,1,0.1,0.021120001,206,9753.787588,975378.7588,5.99,,,,,,,
8/30/2024,Det+Chlorine  ,Interlocking belt- polypropylene,1,1,2,0.01,1,0.1,0.021120001,298,14109.84806,1410984.806,6.15,6.22,,2.12,,,,
8/30/2024,Det+Chlorine  ,Interlocking belt- polypropylene,1,1,1,0.01,1,0.1,0.0108,208,19259.25876,1925925.876,6.28,,,,,,,
10/2/2024,Det+Chlorine  ,Interlocking belt- polypropylene,2,3,2,0.01,1,0.1,0.0108,204,18888.8884,1888888.84,6.28,6.3,6.03,2,2.27,,,
10/2/2024,Det+Chlorine  ,Interlocking belt- polypropylene,2,3,1,0.01,1,0.1,0.0108,226,20925.92538,2092592.538,6.32,,,,,,,
10/2/2024,Det+Chlorine  ,Interlocking belt- polypropylene,2,2,2,0.01,1,0.1,0.0108,221,20462.96243,2046296.243,6.31,6.36,,1.94,,,,
10/2/2024,Det+Chlorine  ,Interlocking belt- polypropylene,2,2,1,0.01,1,0.1,0.0108,273,25277.77712,2527777.712,6.4,,,,,,,
10/2/2024,Det+Chlorine  ,Interlocking belt- polypropylene,2,1,2,0.01,1,0.1,0.059999999,175,2916.666732,291666.673,5.46,5.45,,2.86,,,,
10/2/2024,Det+Chlorine ,Interlocking belt- polypropylene,2,1,1,0.01,1,0.1,0.059999999,160,2666.666726,266666.673,5.43,,,,,,,
10/7/2024,Det+Chlorine  ,Interlocking belt- polypropylene,3,3,2,0.01,100,0.1,0.098400004,29,29471.54346,2947154.346,6.47,6.48,6.4,1.96,2.04,,,
10/7/2024,Det+Chlorine  ,Interlocking belt- polypropylene,3,3,1,0.01,100,0.1,0.098400004,30,30487.80357,3048780.357,6.48,,,,,,,
10/7/2024,Det+Chlorine  ,Interlocking belt- polypropylene,3,2,2,0.01,100,0.1,0.098400004,72,73170.72858,7317072.858,6.86,6.83,,1.61,,,,
10/7/2024,Det+Chlorine ,Interlocking belt- polypropylene,3,2,1,0.01,100,0.1,0.098400004,61,61991.86727,6199186.727,6.79,,,,,,,
10/7/2024,Det+Chlorine  ,Interlocking belt- polypropylene,3,1,2,0.01,1,0.1,0.021120001,160,7575.75735,757575.735,5.88,5.9,,2.54,,,,
10/7/2024,Det+Chlorine  ,Interlocking belt- polypropylene,3,1,1,0.01,1,0.1,0.021120001,172,8143.939151,814393.9151,5.91,,,,,,,
8/30/2024,Det+SaniDate ,Interlocking belt- polypropylene,1,3,2,0.01,1,0.1,0.0108,332,30740.73994,3074073.994,6.49,6.58,6.09,1.76,2.26,3.01,5.35,0.524664
8/30/2024,Det+SaniDate ,Interlocking belt- polypropylene,1,3,1,0.01,1,0.1,0.00432,206,47685.18189,4768518.189,6.68,,,,,,,
8/30/2024,Det+SaniDate ,Interlocking belt- polypropylene,1,2,2,0.01,1,0.1,0.059999999,199,3316.666741,331666.6741,5.52,5.61,,2.73,,,,
8/30/2024,Det+SaniDate ,Interlocking belt- polypropylene,1,2,1,0.01,1,0.1,0.036400001,181,4972.527268,497252.7268,5.7,,,,,,,
8/30/2024,Det+SaniDate ,Interlocking belt- polypropylene,1,1,2,0.01,1,0.1,0.021120001,255,12073.86328,1207386.328,6.08,6.07,,2.27,,,,
8/30/2024,Det+SaniDate ,Interlocking belt- polypropylene,1,1,1,0.01,1,0.1,0.021120001,240,11363.63602,1136363.602,6.06,,,,,,,
10/2/2024,Det+SaniDate  ,Interlocking belt- polypropylene,2,3,2,0.01,1,0.1,0.098400004,9,91.46341072,9146.341072,3.96,4.38,5.04,3.92,3.26,,,
10/2/2024,Det+SaniDate  ,Interlocking belt- polypropylene,2,3,1,0.01,1,0.1,0.098400004,63,640.2438751,64024.388,4.81,,,,,,,
10/2/2024,Det+SaniDate  ,Interlocking belt- polypropylene,2,2,2,0.01,1,0.1,0.059999999,187,3116.666736,311666.674,5.49,5.49,,2.81,,,,
10/2/2024,Det+SaniDate  ,Interlocking belt- polypropylene,2,2,1,0.01,1,0.1,0.059999999,188,3133.333403,313333.34,5.5,,,,,,,
10/2/2024,Det+SaniDate ,Interlocking belt- polypropylene,2,1,2,0.01,1,0.1,0.098400004,155,1575.203185,157520.318,5.2,5.25,,3.05,,,,
10/2/2024,Det+SaniDate  ,Interlocking belt- polypropylene,2,1, ,0.01,1,0.1,0.098400004,194,1971.544631,197154.463,5.29,,,,,,,
10/7/2024,Det+SaniDate ,Interlocking belt- polypropylene,3,3,2,0.01,1,0.1,0.036400001,265,7280.219481,728021.9481,5.86,5.92,4.92,2.51,3.52,,,
10/7/2024,Det+SaniDate  ,Interlocking belt- polypropylene,3,3,1,0.01,1,0.1,0.021120001,204,9659.090621,965909.0621,5.98,,,,,,,
10/7/2024,Det+SaniDate  ,Interlocking belt- polypropylene,3,2,2,0.01,1,0.1,0.098400004,39,396.3414465,39634.14465,4.6,4.45,,3.98,,,,
10/7/2024,Det+SaniDate  ,Interlocking belt- polypropylene,3,2,1,0.01,1,0.1,0.098400004,20,203.2520238,20325.20238,4.31,,,,,,,
10/7/2024,Det+SaniDate  ,Interlocking belt- polypropylene,3,1,2,0.01,1,0.1,0.098400004,27,274.3902322,27439.02322,4.44,4.37,,4.06,,,,
10/7/2024,Det+SaniDate  ,Interlocking belt- polypropylene,3,1,1,0.01,1,0.1,0.098400004,20,203.2520238,20325.20238,4.31,,,,,,,
8/30/2024,Det+Water ,Interlocking belt- polypropylene,1,3,2,0.01,1,0.1,0.0108,194,17962.9625,1796296.25,6.25,6.21,6.23,2.14,2.11,2.36,6,0.43888
8/30/2024,Det+Water ,Interlocking belt- polypropylene,1,3,1,0.01,1,0.1,0.021120001,304,14393.93896,1439393.896,6.16,,,,,,,
8/30/2024,Det+Water ,Interlocking belt- polypropylene,1,2,2,0.01,1,0.1,0.0108,323,29907.40663,2990740.663,6.48,6.48,,1.87,,,,
8/30/2024,Det+Water ,Interlocking belt- polypropylene,1,2,1,0.01,1,0.1,0.0108,323,29907.40663,2990740.663,6.48,,,,,,,
8/30/2024,Det+Water ,Interlocking belt- polypropylene,1,1,2,0.01,1,0.1,0.0108,258,23888.88827,2388888.827,6.38,6.01,,2.34,,,,
8/30/2024,Det+Water ,Interlocking belt- polypropylene,1,1,1,0.01,1,0.1,0.059999999,259,4316.666763,431666.6763,5.64,,,,,,,
10/2/2024,Det+Water  ,Interlocking belt- polypropylene,2,3,2,0.01,100,0.1,0.098400004,38,38617.88453,3861788.453,6.59,6.56,6.38,1.74,1.92,,,
10/2/2024,Det+Water  ,Interlocking belt- polypropylene,2,3,1,0.01,100,0.1,0.098400004,33,33536.58393,3353658.393,6.53,,,,,,,
10/2/2024,Det+Water  ,Interlocking belt- polypropylene,2,2,1,0.01,100,0.1,0.098400004,33,33536.58393,3353658.393,6.53,6.57,,1.73,,,,
10/2/2024,Det+Water  ,Interlocking belt- polypropylene,2,2,2,0.01,100,0.1,0.098400004,40,40650.40477,4065040.477,6.61,,,,,,,
10/2/2024,Det+Water  ,Interlocking belt- polypropylene,2,1,2,0.01,1,0.1,0.021120001,169,8001.8937,800189.37,5.9,6.02,,2.28,,,,
10/2/2024,Det+Water  ,Interlocking belt- polypropylene,2,1,1,0.01,1,0.1,0.021120001,284,13446.9693,1344696.93,6.13,,,,,,,
10/7/2024,Det+Water ,Interlocking belt- polypropylene,3,3,2,0.01,1,0.1,0.059999999,194,3233.333406,323333.3406,5.51,5.5,5.38,2.93,3.05,,,
10/7/2024,Det+Water  ,Interlocking belt- polypropylene,3,3,1,0.01,1,0.1,0.059999999,188,3133.333403,313333.3403,5.5,,,,,,,
10/7/2024,Det+Water ,Interlocking belt- polypropylene,3,2,2,0.01,1,0.1,0.021120001,188,8901.514886,890151.4886,5.95,5.81,,2.63,,,,
10/7/2024,Det+Water  ,Interlocking belt- polypropylene,3,2,1,0.01,1,0.1,0.036400001,168,4615.384426,461538.4426,5.66,,,,,,,
10/7/2024,Det+Water  ,Interlocking belt- polypropylene,3,1,2,0.01,1,0.1,0.098400004,72,731.7072858,73170.72858,4.86,4.84,,3.6,,,,
10/7/2024,Det+Water  ,Interlocking belt- polypropylene,3,1,1,0.01,1,0.1,0.098400004,64,650.4064763,65040.64763,4.81,,,,,,,
8/30/2024,Foam+Chlorine ,Interlocking belt- polypropylene,1,3,2,0.01,1,0.1,0.098400004,53,538.6178631,53861.78631,4.73,4.73,5.34,3.61,3,2.44,5.92,0.744806
8/30/2024,Foam+Chlorine ,Interlocking belt- polypropylene,1,3,1,0.01,1,0.1,0.098400004,52,528.455262,52845.5262,4.72,,,,,,,
8/30/2024,Foam+Chlorine ,Interlocking belt- polypropylene,1,2,2,0.01,1,0.1,0.0108,300,27777.77706,2777777.706,6.44,6.42,,1.92,,,,
8/30/2024,Foam+Chlorine ,Interlocking belt- polypropylene,1,2,1,0.01,1,0.1,0.0108,269,24907.40676,2490740.676,6.4,,,,,,,
8/30/2024,Foam+Chlorine ,Interlocking belt- polypropylene,1,1,2,0.01,1,0.1,0.098400004,73,741.869887,74186.9887,4.87,4.88,,3.46,,,,
8/30/2024,Foam+Chlorine ,Interlocking belt- polypropylene,1,1,1,0.01,1,0.1,0.098400004,76,772.3576905,77235.76905,4.89,,,,,,,
10/2/2024,Foam+Chlorine ,Interlocking belt- polypropylene,2,3,2,0.01,1,0.1,0.021120001,180,8522.727018,852272.702,5.93,5.84,5.45,2.46,2.85,,,
10/2/2024,Foam+Chlorine ,Interlocking belt- polypropylene,2,3,1,0.01,1,0.1,0.036400001,204,5604.395374,560439.537,5.75,,,,,,,
10/2/2024,Foam+Chlorine  ,Interlocking belt- polypropylene,2,2,2,0.01,1,0.1,0.098400004,94,955.284512,95528.451,4.98,5.04,,3.26,,,,
10/2/2024,Foam+Chlorine  ,Interlocking belt- polypropylene,2,2,1,0.01,1,0.1,0.098400004,124,1260.162548,126016.255,5.1,,,,,,,
10/2/2024,Foam+Chlorine  ,Interlocking belt- polypropylene,2,1,2,0.01,1,0.1,0.098400004,165,1676.829197,167682.92,5.22,5.48,,2.82,,,,
10/2/2024,Foam+Chlorine  ,Interlocking belt- polypropylene,2,1,1,0.01,1,0.1,0.036400001,202,5549.450321,554945.032,5.74,,,,,,,
10/7/2024,Foam+Chlorine ,Interlocking belt- polypropylene,3,3,2,0.01,100,0.1,0.098400004,101,102642.272,10264227.2,7.01,7.02,6.98,1.42,1.46,,,
10/7/2024,Foam+Chlorine  ,Interlocking belt- polypropylene,3,3,1,0.01,100,0.1,0.098400004,106,107723.5726,10772357.26,7.03,,,,,,,
10/7/2024,Foam+Chlorine  ,Interlocking belt- polypropylene,3,2,2,0.01,100,0.1,0.098400004,121,122967.4744,12296747.44,7.09,7.21,,1.23,,,,
10/7/2024,Foam+Chlorine  ,Interlocking belt- polypropylene,3,2,1,0.01,100,0.1,0.098400004,208,211382.1048,21138210.48,7.33,,,,,,,
10/7/2024,Foam+Chlorine  ,Interlocking belt- polypropylene,3,1,2,0.01,100,0.1,0.098400004,47,47764.2256,4776422.56,6.68,6.7,,1.74,,,,
10/7/2024,Foam+Chlorine ,Interlocking belt- polypropylene,3,1,1,0.01,100,0.1,0.098400004,51,51829.26608,5182926.608,6.71,,,,,,,
8/30/2024,Foam+SaniDate ,Interlocking belt- polypropylene,1,3,2,0.01,1,0.1,0.098400004,152,1544.715381,154471.5381,5.19,5.19,5.9,3.15,2.44,2.75,5.61,0.220839
8/30/2024,Foam+SaniDate ,Interlocking belt- polypropylene,1,3,1,0.01,1,0.1,0.098400004,151,1534.55278,153455.278,5.19,,,,,,,
8/30/2024,Foam+SaniDate ,Interlocking belt- polypropylene,1,2,2,0.01,1,0.1,0.0108,213,19722.22171,1972222.171,6.29,6.27,,2.07,,,,
8/30/2024,Foam+SaniDate ,Interlocking belt- polypropylene,1,2,1,0.01,1,0.1,0.0108,192,17777.77732,1777777.732,6.25,,,,,,,
8/30/2024,Foam+SaniDate ,Interlocking belt- polypropylene,1,1,2,0.01,1,0.1,0.0108,186,17222.22178,1722222.178,6.24,6.25,,2.09,,,,
8/30/2024,Foam+SaniDate ,Interlocking belt- polypropylene,1,1,1,0.01,1,0.1,0.0108,200,18518.51804,1851851.804,6.27,,,,,,,
10/2/2024,Foam+SaniDate  ,Interlocking belt- polypropylene,2,1,2,0.01,100,0.1,0.098400004,35,35569.10417,3556910.417,6.55,6.54,5.37,1.76,2.93,,,
10/2/2024,Foam+SaniDate ,Interlocking belt- polypropylene,2,1,1,0.01,100,0.1,0.098400004,34,34552.84405,3455284.405,6.54,,,,,,,
10/2/2024,Foam+SaniDate  ,Interlocking belt- polypropylene,2,3,2,0.01,1,0.1,0.098400004,96,975.6097144,97560.971,4.99,4.85,,3.45,,,,
10/2/2024,Foam+SaniDate ,Interlocking belt- polypropylene,2,3,1,0.01,1,0.1,0.098400004,50,508.1300596,50813.006,4.71,,,,,,,
10/2/2024,Foam+SaniDate  ,Interlocking belt- polypropylene,2,2,2,0.01,1,0.1,0.098400004,54,548.7804643,54878.046,4.74,4.73,,3.57,,,,
10/2/2024,Foam+SaniDate  ,Interlocking belt- polypropylene,2,2,1,0.01,1,0.1,0.098400004,52,528.455262,52845.526,4.72,,,,,,,
10/7/2024,Foam+SaniDate ,Interlocking belt- polypropylene,3,3,2,0.01,1,0.1,0.059999999,231,3850.000086,385000.0086,5.59,5.56,5.54,2.87,2.89,,,
10/7/2024,Foam+SaniDate ,Interlocking belt- polypropylene,3,3,1,0.01,1,0.1,0.059999999,209,3483.333411,348333.3411,5.54,,,,,,,
10/7/2024,Foam+SaniDate  ,Interlocking belt- polypropylene,3,2,2,0.01,1,0.1,0.098400004,222,2256.097464,225609.7464,5.35,5.32,,3.11,,,,
10/7/2024,Foam+SaniDate  ,Interlocking belt- polypropylene,3,2,1,0.01,1,0.1,0.098400004,193,1961.38203,196138.203,5.29,,,,,,,
10/7/2024,Foam+SaniDate  ,Interlocking belt- polypropylene,3,1,2,0.01,1,0.1,0.036400001,224,6153.845901,615384.5901,5.79,5.74,,2.7,,,,
10/7/2024,Foam+SaniDate  ,Interlocking belt- polypropylene,3,1,1,0.01,1,0.1,0.036400001,180,4945.054742,494505.4742,5.69,,,,,,,
8/30/2024,Foam+Water ,Interlocking belt- polypropylene,1,1,2,0.01,1,0.1,0.0108,296,27407.4067,2740740.67,6.44,6.47,6.47,1.87,1.48,1.84,6.39,0.268625
8/30/2024,Foam+Water ,Interlocking belt- polypropylene,1,1,1,0.01,1,0.1,0.0108,351,32499.99916,3249999.916,6.51,,,,,,,
8/30/2024,Foam+Water ,Interlocking belt- polypropylene,1,2,2,0.01,100,0.1,0.098400004,69,70121.94822,7012194.822,6.85,6.93,,1.42,,,,
8/30/2024,Foam+Water ,Interlocking belt- polypropylene,1,2,1,0.01,100,0.1,0.098400004,100,101626.0119,10162601.19,7.01,,,,,,,
8/30/2024,Foam+Water ,Interlocking belt- polypropylene,1,3,2,0.01,100,0.1,0.098400004,123,124999.9947,12499999.47,7.1,7.18,,1.16,,,,
8/30/2024,Foam+Water ,Interlocking belt- polypropylene,1,3,1,0.01,100,0.1,0.098400004,181,183943.0816,18394308.16,7.26,,,,,,,
10/2/2024,Foam+Water  ,Interlocking belt- polypropylene,2,3,2,0.01,1,0.1,0.021120001,170,8049.242184,804924.218,5.91,5.88,6.03,2.42,2.27,,,
10/2/2024,Foam+Water  ,Interlocking belt- polypropylene,2,3,1,0.01,1,0.1,0.036400001,260,7142.856849,714285.685,5.85,,,,,,,
10/2/2024,Foam+Water  ,Interlocking belt- polypropylene,2,2,2,0.01,1,0.1,0.0108,186,17222.22178,1722222.178,6.24,6.23,,2.07,,,,
10/2/2024,Foam+Water   ,Interlocking belt- polypropylene,2,2,1,0.01,1,0.1,0.0108,180,16666.66623,1666666.623,6.22,,,,,,,
10/2/2024,Foam+Water  ,Interlocking belt- polypropylene,2,1,2,0.01,1,0.1,0.021120001,202,9564.393654,956439.365,5.98,5.98,,2.32,,,,
10/2/2024,Foam+Water  ,Interlocking belt- polypropylene,2,1,1,0.01,1,0.1,0.021120001,200,9469.696687,946969.669,5.98,,,,,,,
10/7/2024,Foam+Water  ,Interlocking belt- polypropylene,3,1,2,0.01,100,0.1,0.098400004,29,29471.54346,2947154.346,6.47,6.54,6.67,1.89,1.77,,,
10/7/2024,Foam+Water  ,Interlocking belt- polypropylene,3,1,1,0.01,100,0.1,0.098400004,41,41666.66488,4166666.488,6.62,,,,,,,
10/7/2024,Foam+Water ,Interlocking belt- polypropylene,3,2,2,0.01,1,0.1,0.0108,171,102432.2096,10243220.96,7.01,6.64,,1.8,,,,
10/7/2024,Foam+Water  ,Interlocking belt- polypropylene,3,2,1,0.01,1,0.1,0.0108,197,18240.74027,1824074.027,6.26,,,,,,,
10/7/2024,Foam+Water ,Interlocking belt- polypropylene,3,3,2,0.01,100,0.1,0.098400004,68,69105.6881,6910568.81,6.84,6.83,,1.6,,,,
10/7/2024,Foam+Water  ,Interlocking belt- polypropylene,3,3,1,0.01,100,0.1,0.098400004,66,67073.1679,6707316.786,6.83,,,,,,,
12/2/2024,Det+Chlorine,PVC,1,3,2,0.01,1,0.1,0.098400004,16,162.6016191,16260.16191,4.21,4.69,3.9,3.62,4.41,3.84,4.36,0.389874593
12/2/2024,Det+Chlorine,PVC,1,3,1,0.01,1,0.1,0.098400004,142,1443.089369,144308.9369,5.16,,,,,,,
12/2/2024,Det+Chlorine,PVC,1,2,2,0.01,1,0.1,0.098400004,8,81.30080953,8130.080953,3.91,4,,4.31,,,,
12/2/2024,Det+Chlorine,PVC,1,2,1,0.01,1,0.1,0.098400004,12,121.9512143,12195.12143,4.09,,,,,,,
12/2/2024,Det+Chlorine,PVC,1,1,2,0.01,1,0.1,0.098400004,0.99,10.06097518,1006.097518,3,3,,5.3,,,,
12/2/2024,Det+Chlorine,PVC,1,1,1,0.01,1,0.1,0.098400004,0.99,10.06097518,1006.097518,3,,,,,,,
12/9/2024,Det+Chlorine,PVC,2,3,2,0.01,1,0.1,0.098400004,17,172.76422,17276.42203,4.24,4.25,4.85,3.89,3.29,,,
12/9/2024,Det+Chlorine,PVC,2,3,1,0.01,1,0.1,0.098400004,18,182.92682,18292.68214,4.26,,,,,,,
12/9/2024,Det+Chlorine,PVC,2,2,2,0.01,1,0.1,0.036400001,213,5851.64811,585164.8111,5.77,5.75,,2.38,,,,
12/9/2024,Det+Chlorine,PVC,2,2,1,0.01,1,0.1,0.036400001,199,5467.03274,546703.2742,5.74,,,,,,,
12/9/2024,Det+Chlorine,PVC,2,1,2,0.01,1,0.1,0.098400004,28,284.55283,28455.28334,4.45,4.55,,3.59,,,,
12/9/2024,Det+Chlorine,PVC,2,1,1,0.01,1,0.1,0.098400004,43,436.99185,43699.18512,4.64,,,,,,,
12/12/2024,Det+Chlorine,PVC,3,3,2,0.01,1,0.1,0.098400004,37,376.0162441,37601.62441,4.58,4.6,4.35,3.57,3.82,,,
12/12/2024,Det+Chlorine,PVC,3,3,1,0.01,1,0.1,0.098400004,41,416.6666488,41666.66488,4.62,,,,,,,
12/12/2024,Det+Chlorine,PVC,3,2,2,0.01,1,0.1,0.098400004,42,426.82925,42682.925,4.63,4.84,,3.33,,,,
12/12/2024,Det+Chlorine,PVC,3,2,1,0.01,1,0.1,0.098400004,109,1107.72353,110772.353,5.04,,,,,,,
12/12/2024,Det+Chlorine,PVC,3,1,2,0.01,1,0.1,0.098400004,4,40.65040477,4065.040477,3.61,3.61,,4.56,,,,
12/12/2024,Det+Chlorine,PVC,3,1,1,0.01,1,0.1,0.098400004,4,40.65040477,4065.040477,3.61,,,,,,,
12/2/2024,Det+SaniDate ,PVC,1,3,2,0.01,1,0.1,0.098400004,6,60.97560715,6097.560715,3.79,3.87,3.46,4.43,4.84,4.17,4.03,0.658571808
12/2/2024,Det+SaniDate,PVC,1,3,1,0.01,1,0.1,0.098400004,9,91.46341072,9146.341072,3.96,,,,,,,
12/2/2024,Det+SaniDate,PVC,1,2,2,0.01,1,0.1,0.098400004,1,10.16260119,1016.260119,3.01,3.01,,5.3,,,,
12/2/2024,Det+SaniDate,PVC,1,2,1,0.01,1,0.1,0.098400004,1,10.16260119,1016.260119,3.01,,,,,,,
12/2/2024,Det+SaniDate,PVC,1,1,2,0.01,1,0.1,0.098400004,5,50.81300596,5081.300596,3.71,3.51,,4.8,,,,
12/2/2024,Det+SaniDate,PVC,1,1,1,0.01,1,0.1,0.098400004,2,20.32520238,2032.520238,3.31,,,,,,,
12/9/2024,Det+SaniDate,PVC,2,3,2,0.01,1,0.1,0.098400004,4,40.6504,4065.040477,3.61,3.61,3.68,4.53,4.46,,,
12/9/2024,Det+SaniDate,PVC,2,3,1,0.01,1,0.1,0.098400004,4,40.6504,4065.040477,3.61,,,,,,,
12/9/2024,Det+SaniDate,PVC,2,2,2,0.01,1,0.1,0.098400004,11,111.78861,11178.86131,4.05,3.83,,4.31,,,,
12/9/2024,Det+SaniDate,PVC,2,2,1,0.01,1,0.1,0.098400004,4,40.6504,4065.040477,3.61,,,,,,,
12/9/2024,Det+SaniDate,PVC,2,1,2,0.01,1,0.1,0.098400004,3,30.4878,3048.780357,3.48,3.6,,4.54,,,,
12/9/2024,Det+SaniDate,PVC,2,1,1,0.01,1,0.1,0.098400004,5,50.81301,5081.300596,3.71,,,,,,,
12/12/2024,Det+SaniDate ,PVC,3,3,2,0.01,1,0.1,0.098400004,47,477.642256,47764.2256,4.68,4.51,4.95,3.65,3.21,,,
12/12/2024,Det+SaniDate ,PVC,3,3,1,0.01,1,0.1,0.098400004,22,223.5772262,22357.72262,4.35,,,,,,,
12/12/2024,Det+SaniDate ,PVC,3,2,2,0.01,1,0.1,0.098400004,19,193.0894226,19308.94226,4.29,4.35,,3.82,,,,
12/12/2024,Det+SaniDate ,PVC,3,2,1,0.01,1,0.1,0.098400004,25,254.0650298,25406.50298,4.4,,,,,,,
12/12/2024,Det+SaniDate ,PVC,3,1,2,0.01,1,0.1,0.021120001,202,9564.393654,956439.3654,5.98,6,,2.16,,,,
12/12/2024,Det+SaniDate ,PVC,3,1,1,0.01,1,0.1,0.021120001,225,10653.40877,1065340.877,6.03,,,,,,,
12/2/2024,Det+Water ,PVC,1,3,2,0.01,1,0.1,0.098400004,21,213.414625,21341.4625,4.33,4.38,4.45,3.92,3.86,3.42,4.78,0.238122196
12/2/2024,Det+Water ,PVC,1,3,1,0.01,1,0.1,0.098400004,27,274.3902322,27439.02322,4.44,,,,,,,
12/2/2024,Det+Water ,PVC,1,2,2,0.01,1,0.1,0.098400004,34,345.5284405,34552.84405,4.54,4.45,,3.85,,,,
12/2/2024,Det+Water ,PVC,1,2,1,0.01,1,0.1,0.098400004,23,233.7398274,23373.98274,4.37,,,,,,,
12/2/2024,Det+Water ,PVC,1,1,2,0.01,1,0.1,0.098400004,17,172.7642203,17276.42203,4.24,4.51,,3.8,,,,
12/2/2024,Det+Water ,PVC,1,1,1,0.01,1,0.1,0.098400004,59,599.5934703,59959.34703,4.78,,,,,,,
12/9/2024,Det+Water ,PVC,2,3,2,0.01,1,0.1,0.098400004,37,376.01624,37601.62441,4.58,4.58,4.9,3.55,3.23,,,
12/9/2024,Det+Water ,PVC,2,3,1,0.01,1,0.1,0.098400004,38,386.17885,38617.88453,4.59,,,,,,,
12/9/2024,Det+Water ,PVC,2,2,2,0.01,1,0.1,0.036400001,220,6043.9558,604395.5796,5.78,5.65,,2.49,,,,
12/9/2024,Det+Water ,PVC,2,2,1,0.01,1,0.1,0.059999999,198,3300.00007,330000.0074,5.52,,,,,,,
12/9/2024,Det+Water ,PVC,2,1,2,0.01,1,0.1,0.098400004,26,264.22763,26422.7631,4.42,4.48,,3.66,,,,
12/9/2024,Det+Water ,PVC,2,1,1,0.01,1,0.1,0.098400004,34,345.52844,34552.84405,4.54,,,,,,,
12/12/2024,Det+Water ,PVC,3,3,2,0.01,1,0.1,0.098400004,76,772.3576905,77235.76905,4.89,4.91,4.99,3.25,3.17,,,
12/12/2024,Det+Water ,PVC,3,3,1,0.01,1,0.1,0.098400004,86,873.9837025,87398.37025,4.94,,,,,,,
12/12/2024,Det+Water ,PVC,3,2,2,0.01,1,0.1,0.098400004,56,569.1056667,56910.56667,4.76,4.82,,3.34,,,,
12/12/2024,Det+Water ,PVC,3,2,1,0.01,1,0.1,0.098400004,76,772.3576905,77235.76905,4.89,,,,,,,
12/12/2024,Det+Water ,PVC,3,1,2,0.01,1,0.1,0.098400004,183,1859.756018,185975.6018,5.27,5.24,,2.93,,,,
12/12/2024,Det+Water ,PVC,3,1,1,0.01,1,0.1,0.098400004,159,1615.853589,161585.3589,5.21,,,,,,,
12/2/2024,Foam+Chlorine ,PVC,1,3,2,0.01,1,0.1,0.098400004,156,1585.365786,158536.5786,5.2,5.24,5.26,3.07,3.05,2.79,5.41,0.180523973
12/2/2024,Foam+Chlorine ,PVC,1,3,1,0.01,1,0.1,0.098400004,184,1869.918619,186991.8619,5.27,,,,,,,
12/2/2024,Foam+Chlorine ,PVC,1,2,2,0.01,1,0.1,0.098400004,79,802.8454941,80284.54941,4.9,4.91,,3.4,,,,
12/2/2024,Foam+Chlorine ,PVC,1,2,1,0.01,1,0.1,0.098400004,80,813.0080953,81300.80953,4.91,,,,,,,
12/2/2024,Foam+Chlorine ,PVC,1,1,2,0.01,1,0.1,0.021120001,221,10464.01484,1046401.484,6.02,5.63,,2.67,,,,
12/2/2024,Foam+Chlorine ,PVC,1,1,1,0.01,1,0.1,0.098400004,172,1747.967405,174796.7405,5.24,,,,,,,
12/9/2024,Foam+Chlorine,PVC,2,3,2,0.01,1,0.1,0.098400004,191,1941.05683,194105.6828,5.29,5.28,5.32,2.86,2.82,,,
12/9/2024,Foam+Chlorine,PVC,2,3,1,0.01,1,0.1,0.098400004,183,1859.75602,185975.6018,5.27,,,,,,,
12/9/2024,Foam+Chlorine,PVC,2,2,2,0.01,1,0.1,0.059999999,161,2683.33339,268333.3393,5.43,5.44,,2.7,,,,
12/9/2024,Foam+Chlorine,PVC,2,2,1,0.01,1,0.1,0.059999999,169,2816.66673,281666.673,5.45,,,,,,,
12/9/2024,Foam+Chlorine,PVC,2,1,2,0.01,1,0.1,0.098400004,159,1615.85359,161585.3589,5.21,5.23,,2.9,,,,
12/9/2024,Foam+Chlorine,PVC,2,1,1,0.01,1,0.1,0.098400004,177,1798.78041,179878.0411,5.25,,,,,,,
12/12/2024,Foam+Chlorine ,PVC,3,3,2,0.01,1,0.1,0.036400001,172,4725.274531,472527.4531,5.67,5.63,5.67,2.54,2.5,,,
12/12/2024,Foam+Chlorine ,PVC,3,3,1,0.01,1,0.1,0.059999999,226,3766.666751,376666.6751,5.58,,,,,,,
12/12/2024,Foam+Chlorine ,PVC,3,2,2,0.01,1,0.1,0.098400004,54,548.7804643,54878.04643,4.74,4.78,,3.39,,,,
12/12/2024,Foam+Chlorine ,PVC,3,2,1,0.01,1,0.1,0.098400004,64,650.4064763,65040.64763,4.81,,,,,,,
12/12/2024,Foam+Chlorine ,PVC,3,1,2,0.01,100,0.1,0.098400004,45,45731.70536,4573170.536,6.66,6.6,,1.57,,,,
12/12/2024,Foam+Chlorine ,PVC,3,1,1,0.01,100,0.1,0.098400004,34,34552.84405,3455284.405,6.54,,,,,,,
12/2/2024,Foam+SaniDate ,PVC,1,3,2,0.01,1,0.1,0.098400004,30,304.8780357,30487.80357,4.48,4.38,4.36,3.92,3.94,3.37,4.83,0.567564666
12/2/2024,Foam+SaniDate ,PVC,1,3,1,0.01,1,0.1,0.098400004,19,193.0894226,19308.94226,4.29,,,,,,,
12/2/2024,Foam+SaniDate ,PVC,1,2,2,0.01,1,0.1,0.098400004,40,406.5040477,40650.40477,4.61,4.69,,3.61,,,,
12/2/2024,Foam+SaniDate ,PVC,1,2,1,0.01,1,0.1,0.098400004,59,599.5934703,59959.34703,4.78,,,,,,,
12/2/2024,Foam+SaniDate ,PVC,1,1,2,0.01,1,0.1,0.098400004,9,91.46341072,9146.341072,3.96,4,,4.3,,,,
12/2/2024,Foam+SaniDate ,PVC,1,1,1,0.01,1,0.1,0.098400004,11,111.7886131,11178.86131,4.05,,,,,,,
12/9/2024,Foam+SaniDate ,PVC,2,3,2,0.01,1,0.1,0.098400004,33,335.36584,33536.58393,4.53,4.47,4.51,3.67,3.63,,,
12/9/2024,Foam+SaniDate ,PVC,2,3,1,0.01,1,0.1,0.098400004,25,254.06503,25406.50298,4.4,,,,,,,
12/9/2024,Foam+SaniDate ,PVC,2,2,2,0.01,1,0.1,0.098400004,10,101.62601,10162.60119,4.01,4.13,,4,,,,
12/9/2024,Foam+SaniDate ,PVC,2,2,1,0.01,1,0.1,0.098400004,18,182.92682,18292.68214,4.26,,,,,,,
12/9/2024,Foam+SaniDate ,PVC,2,1,2,0.01,1,0.1,0.098400004,82,833.3333,83333.32977,4.92,4.93,,3.2,,,,
12/9/2024,Foam+SaniDate ,PVC,2,1,1,0.01,1,0.1,0.098400004,86,873.9837,87398.37025,4.94,,,,,,,
12/12/2024,Foam+SaniDate,PVC,3,3,2,0.01,1,0.1,0.021120001,208,9848.484554,984848.4554,5.99,5.99,5.63,2.17,2.53,,,
12/12/2024,Foam+SaniDate,PVC,3,3,1,0.01,1,0.1,0.021120001,206,9753.787588,975378.7588,5.99,,,,,,,
12/12/2024,Foam+SaniDate,PVC,3,2,2,0.01,100,0.1,0.098400004,29,29471.54346,2947154.346,6.47,6.45,,1.72,,,,
12/12/2024,Foam+SaniDate,PVC,3,2,1,0.01,100,0.1,0.098400004,26,26422.7631,2642276.31,6.42,,,,,,,
12/12/2024,Foam+SaniDate,PVC,3,1,2,0.01,1,0.1,0.098400004,30,304.8780357,30487.80357,4.48,4.46,,3.7,,,,
12/12/2024,Foam+SaniDate,PVC,3,1,1,0.01,1,0.1,0.098400004,27,274.3902322,27439.02322,4.44,,,,,,,
12/2/2024,Foam+Water,PVC,1,3,2,0.01,1,0.1,0.0108,169,15648.14774,1564814.774,6.19,6.21,6.15,2.09,2.15,2.12,6.08,0.056515959
12/2/2024,Foam+Water,PVC,1,3,1,0.01,1,0.1,0.0108,181,16759.25882,1675925.882,6.22,,,,,,,
12/2/2024,Foam+Water,PVC,1,2,2,0.01,1,0.1,0.021120001,207,9801.136071,980113.6071,5.99,6.01,,2.3,,,,
12/2/2024,Foam+Water,PVC,1,2,1,0.01,1,0.1,0.021120001,222,10511.36332,1051136.332,6.02,,,,,,,
12/2/2024,Foam+Water,PVC,1,1,2,0.01,1,0.1,0.0108,172,15925.92551,1592592.551,6.2,6.24,,2.07,,,,
12/2/2024,Foam+Water,PVC,1,1,1,0.01,1,0.1,0.0108,201,18611.11063,1861111.063,6.27,,,,,,,
12/9/2024,Foam+Water ,PVC,2,3,2,0.01,1,0.1,0.059999999,214,3566.66675,356666.6746,5.55,5.55,6.07,2.58,2.06,,,
12/9/2024,Foam+Water ,PVC,2,3,1,0.01,1,0.1,0.059999999,213,3550.00008,355000.0079,5.55,,,,,,,
12/9/2024,Foam+Water ,PVC,2,2,2,0.01,100,0.1,0.098400004,157,159552.8387,15955283.87,7.2,7.08,,1.05,,,,
12/9/2024,Foam+Water ,PVC,2,2,1,0.01,100,0.1,0.098400004,90,91463.41072,9146341.072,6.96,,,,,,,
12/9/2024,Foam+Water ,PVC,2,1,2,0.01,1,0.1,0.059999999,220,3666.66675,366666.6749,5.56,5.59,,2.54,,,,
12/9/2024,Foam+Water ,PVC,2,1,1,0.01,1,0.1,0.059999999,249,4150.00009,415000.0093,5.62,,,,,,,
12/12/2024,Foam+Water ,PVC,3,3,2,0.01,1,0.1,0.036400001,189,5192.307479,519230.7479,5.72,5.81,6.01,2.35,2.15,,,
12/12/2024,Foam+Water ,PVC,3,3,1,0.01,1,0.1,0.021120001,173,8191.287634,819128.7634,5.91,,,,,,,
12/12/2024,Foam+Water ,PVC,3,2,2,0.01,1,0.1,0.021120001,217,10274.62091,1027462.091,6.01,5.99,,2.18,,,,
12/12/2024,Foam+Water ,PVC,3,2,1,0.01,1,0.1,0.021120001,193,9138.257303,913825.7303,5.96,,,,,,,
12/12/2024,Foam+Water ,PVC,3,1,2,0.01,1,0.1,0.0108,175,16203.70328,1620370.328,6.21,6.24,,1.93,,,,
12/12/2024,Foam+Water ,PVC,3,1,1,0.01,1,0.1,0.0108,198,18333.33286,1833333.286,6.26,,,,,,,
12/2/2024,Without Treatment,PVC,1,3,2,0.01,1000,0.1,0.098400004,192,1951219.429,195121942.9,8.29,8.37,8.3,-0.07,0,0,8.2,0.073308866
12/2/2024,Without Treatment,PVC,1,3,1,0.01,1000,0.1,0.059999999,171,2850000.064,285000006.4,8.45,,,,,,,
12/2/2024,Without Treatment,PVC,1,2,2,0.01,1000,0.1,0.098400004,190,1930894.226,193089422.6,8.29,8.3,,0,,,,
12/2/2024,Without Treatment,PVC,1,2,1,0.01,1000,0.1,0.098400004,207,2103658.447,210365844.7,8.32,,,,,,,
12/2/2024,Without Treatment,PVC,1,1,2,0.01,1000,0.1,0.098400004,155,1575203.185,157520318.5,8.2,8.23,,0.07,,,,
12/2/2024,Without Treatment,PVC,1,1,1,0.01,1000,0.1,0.098400004,183,1859756.018,185975601.8,8.27,,,,,,,
12/9/2024,Without Treatment ,PVC,2,3,2,0.01,1000,0.1,0.098400004,129,1310975.554,131097555.4,8.12,8.14,8.14,0,0,,,
12/9/2024,Without Treatment,PVC,2,3,1,0.01,1000,0.1,0.098400004,143,1453251.97,145325197,8.16,,,,,,,
12/9/2024,Without Treatment,PVC,2,2,2,0.01,1000,0.1,0.098400004,103,1046747.923,104674792.3,8.02,8.12,,0.01,,,,
12/9/2024,Without Treatment,PVC,2,2,1,0.01,1000,0.1,0.098400004,165,1676829.197,167682919.7,8.22,,,,,,,
12/9/2024,Without Treatment,PVC,2,1,2,0.01,1000,0.1,0.098400004,128,1300812.953,130081295.3,8.11,8.14,,-0.01,,,,
12/9/2024,Without Treatment,PVC,2,1,1,0.01,1000,0.1,0.098400004,147,1493902.375,149390237.5,8.17,,,,,,,
12/12/2024,Without Treatment ,PVC,3,3,2,0.01,1000,0.1,0.098400004,156,1585365.786,158536578.6,8.2,8.19,8.16,-0.03,0,,,
12/12/2024,Without Treatment ,PVC,3,3,1,0.01,1000,0.1,0.098400004,152,1544715.381,154471538.1,8.19,,,,,,,
12/12/2024,Without Treatment ,PVC,3,2,2,0.01,1000,0.1,0.098400004,156,1585365.786,158536578.6,8.2,8.09,,0.07,,,,
12/12/2024,Without Treatment ,PVC,3,2,1,0.01,1000,0.1,0.098400004,96,975609.7144,97560971.44,7.99,,,,,,,
12/12/2024,Without Treatment ,PVC,3,1,2,0.01,1000,0.1,0.098400004,158,1605690.988,160569098.8,8.21,8.2,,-0.04,,,,
12/12/2024,Without Treatment ,PVC,3,1,1,0.01,1000,0.1,0.098400004,157,1595528.387,159552838.7,8.2,,,,,,,
